{"cameraMode":{"drawMode":0,"name":"Shaded","section":"Shading Mode"},"sceneLighting":false,"audioPlay":false,"sceneViewState":{"showFog":true,"showMaterialUpdate":false,"showSkybox":false,"showFlares":true,"showImageEffects":true,"showParticleSystems":true},"in2DMode":false,"pivot":{"x":11.318603515625,"y":6.18115234375,"z":-1.073974609375},"rotation":{"x":0.08634734153747559,"y":0.8069571852684021,"z":-0.12197579443454743,"w":0.5714781880378723},"size":1.640591025352478,"orthographic":true}