{"cameraMode":{"drawMode":0,"name":"Shaded","section":"Shading Mode"},"sceneLighting":false,"audioPlay":false,"sceneViewState":{"showFog":true,"showMaterialUpdate":false,"showSkybox":false,"showFlares":true,"showImageEffects":true,"showParticleSystems":true},"in2DMode":false,"pivot":{"x":-2.1800317764282228,"y":6.010892868041992,"z":0.9600040912628174},"rotation":{"x":-0.07141703367233277,"y":0.6880811452865601,"z":-0.06833068281412125,"w":-0.7189053297042847},"size":7.274612903594971,"orthographic":false}