{"cameraMode":{"drawMode":0,"name":"Shaded","section":"Shading Mode"},"sceneLighting":false,"audioPlay":false,"sceneViewState":{"showFog":true,"showMaterialUpdate":false,"showSkybox":true,"showFlares":true,"showImageEffects":true,"showParticleSystems":true},"in2DMode":false,"pivot":{"x":18.71849822998047,"y":4.4429216384887699,"z":37.168617248535159},"rotation":{"x":-0.14300653338432313,"y":-0.5295494794845581,"z":0.09113007038831711,"w":-0.8311490416526794},"size":11.663477897644043,"orthographic":false}