{"cameraMode":{"drawMode":0,"name":"Shaded","section":"Shading Mode"},"sceneLighting":true,"audioPlay":false,"sceneViewState":{"showFog":true,"showMaterialUpdate":false,"showSkybox":false,"showFlares":true,"showImageEffects":true,"showParticleSystems":true},"in2DMode":false,"pivot":{"x":7.590414047241211,"y":9.568502426147461,"z":1.135762095451355},"rotation":{"x":0.12315164506435394,"y":-0.8733751177787781,"z":0.28894296288490298,"w":0.3722449541091919},"size":1.4442397356033326,"orthographic":false}